Filename	Cell Line	Lane	Pos	Condition	Hours	Cell name	PreprocessingTag	ProcessingComments
output.STAR.1_A10_Hypo_S28_Aligned.sortedByCoord.out.bam	MCF7	output.STAR.1	A10	Hypo	72	S28	Aligned.sortedByCoord.out.bam	"STAR,FeatureCounts"
output.STAR.1_A11_Hypo_S29_Aligned.sortedByCoord.out.bam	MCF7	output.STAR.1	A11	Hypo	72	S29	Aligned.sortedByCoord.out.bam	"STAR,FeatureCounts"
output.STAR.1_A12_Hypo_S30_Aligned.sortedByCoord.out.bam	MCF7	output.STAR.1	A12	Hypo	72	S30	Aligned.sortedByCoord.out.bam	"STAR,FeatureCounts"
output.STAR.1_A1_Norm_S1_Aligned.sortedByCoord.out.bam	MCF7	output.STAR.1	A1	Norm	72	S1	Aligned.sortedByCoord.out.bam	"STAR,FeatureCounts"
output.STAR.1_A2_Norm_S2_Aligned.sortedByCoord.out.bam	MCF7	output.STAR.1	A2	Norm	72	S2	Aligned.sortedByCoord.out.bam	"STAR,FeatureCounts"
output.STAR.1_A3_Norm_S3_Aligned.sortedByCoord.out.bam	MCF7	output.STAR.1	A3	Norm	72	S3	Aligned.sortedByCoord.out.bam	"STAR,FeatureCounts"
output.STAR.1_A4_Norm_S4_Aligned.sortedByCoord.out.bam	MCF7	output.STAR.1	A4	Norm	72	S4	Aligned.sortedByCoord.out.bam	"STAR,FeatureCounts"
output.STAR.1_A5_Norm_S5_Aligned.sortedByCoord.out.bam	MCF7	output.STAR.1	A5	Norm	72	S5	Aligned.sortedByCoord.out.bam	"STAR,FeatureCounts"
output.STAR.1_A6_Norm_S6_Aligned.sortedByCoord.out.bam	MCF7	output.STAR.1	A6	Norm	72	S6	Aligned.sortedByCoord.out.bam	"STAR,FeatureCounts"
output.STAR.1_A7_Hypo_S25_Aligned.sortedByCoord.out.bam	MCF7	output.STAR.1	A7	Hypo	72	S25	Aligned.sortedByCoord.out.bam	"STAR,FeatureCounts"
output.STAR.1_A8_Hypo_S26_Aligned.sortedByCoord.out.bam	MCF7	output.STAR.1	A8	Hypo	72	S26	Aligned.sortedByCoord.out.bam	"STAR,FeatureCounts"
output.STAR.1_A9_Hypo_S27_Aligned.sortedByCoord.out.bam	MCF7	output.STAR.1	A9	Hypo	72	S27	Aligned.sortedByCoord.out.bam	"STAR,FeatureCounts"
output.STAR.1_B10_Hypo_S76_Aligned.sortedByCoord.out.bam	MCF7	output.STAR.1	B10	Hypo	72	S76	Aligned.sortedByCoord.out.bam	"STAR,FeatureCounts"
output.STAR.1_B11_Hypo_S77_Aligned.sortedByCoord.out.bam	MCF7	output.STAR.1	B11	Hypo	72	S77	Aligned.sortedByCoord.out.bam	"STAR,FeatureCounts"
output.STAR.1_B12_Hypo_S78_Aligned.sortedByCoord.out.bam	MCF7	output.STAR.1	B12	Hypo	72	S78	Aligned.sortedByCoord.out.bam	"STAR,FeatureCounts"
output.STAR.1_B1_Norm_S49_Aligned.sortedByCoord.out.bam	MCF7	output.STAR.1	B1	Norm	72	S49	Aligned.sortedByCoord.out.bam	"STAR,FeatureCounts"
output.STAR.1_B2_Norm_S50_Aligned.sortedByCoord.out.bam	MCF7	output.STAR.1	B2	Norm	72	S50	Aligned.sortedByCoord.out.bam	"STAR,FeatureCounts"
output.STAR.1_B3_Norm_S51_Aligned.sortedByCoord.out.bam	MCF7	output.STAR.1	B3	Norm	72	S51	Aligned.sortedByCoord.out.bam	"STAR,FeatureCounts"
output.STAR.1_B4_Norm_S52_Aligned.sortedByCoord.out.bam	MCF7	output.STAR.1	B4	Norm	72	S52	Aligned.sortedByCoord.out.bam	"STAR,FeatureCounts"
output.STAR.1_B5_Norm_S53_Aligned.sortedByCoord.out.bam	MCF7	output.STAR.1	B5	Norm	72	S53	Aligned.sortedByCoord.out.bam	"STAR,FeatureCounts"
output.STAR.1_B6_Norm_S54_Aligned.sortedByCoord.out.bam	MCF7	output.STAR.1	B6	Norm	72	S54	Aligned.sortedByCoord.out.bam	"STAR,FeatureCounts"
output.STAR.1_B7_Hypo_S73_Aligned.sortedByCoord.out.bam	MCF7	output.STAR.1	B7	Hypo	72	S73	Aligned.sortedByCoord.out.bam	"STAR,FeatureCounts"
output.STAR.1_B8_Hypo_S74_Aligned.sortedByCoord.out.bam	MCF7	output.STAR.1	B8	Hypo	72	S74	Aligned.sortedByCoord.out.bam	"STAR,FeatureCounts"
output.STAR.1_B9_Hypo_S75_Aligned.sortedByCoord.out.bam	MCF7	output.STAR.1	B9	Hypo	72	S75	Aligned.sortedByCoord.out.bam	"STAR,FeatureCounts"
output.STAR.1_C10_Hypo_S124_Aligned.sortedByCoord.out.bam	MCF7	output.STAR.1	C10	Hypo	72	S124	Aligned.sortedByCoord.out.bam	"STAR,FeatureCounts"
output.STAR.1_C11_Hypo_S125_Aligned.sortedByCoord.out.bam	MCF7	output.STAR.1	C11	Hypo	72	S125	Aligned.sortedByCoord.out.bam	"STAR,FeatureCounts"
output.STAR.1_C12_Hypo_S126_Aligned.sortedByCoord.out.bam	MCF7	output.STAR.1	C12	Hypo	72	S126	Aligned.sortedByCoord.out.bam	"STAR,FeatureCounts"
output.STAR.1_C1_Norm_S97_Aligned.sortedByCoord.out.bam	MCF7	output.STAR.1	C1	Norm	72	S97	Aligned.sortedByCoord.out.bam	"STAR,FeatureCounts"
output.STAR.1_C2_Norm_S98_Aligned.sortedByCoord.out.bam	MCF7	output.STAR.1	C2	Norm	72	S98	Aligned.sortedByCoord.out.bam	"STAR,FeatureCounts"
output.STAR.1_C3_Norm_S99_Aligned.sortedByCoord.out.bam	MCF7	output.STAR.1	C3	Norm	72	S99	Aligned.sortedByCoord.out.bam	"STAR,FeatureCounts"
output.STAR.1_C4_Norm_S100_Aligned.sortedByCoord.out.bam	MCF7	output.STAR.1	C4	Norm	72	S100	Aligned.sortedByCoord.out.bam	"STAR,FeatureCounts"
output.STAR.1_C5_Norm_S101_Aligned.sortedByCoord.out.bam	MCF7	output.STAR.1	C5	Norm	72	S101	Aligned.sortedByCoord.out.bam	"STAR,FeatureCounts"
output.STAR.1_C6_Norm_S102_Aligned.sortedByCoord.out.bam	MCF7	output.STAR.1	C6	Norm	72	S102	Aligned.sortedByCoord.out.bam	"STAR,FeatureCounts"
output.STAR.1_C7_Hypo_S121_Aligned.sortedByCoord.out.bam	MCF7	output.STAR.1	C7	Hypo	72	S121	Aligned.sortedByCoord.out.bam	"STAR,FeatureCounts"
output.STAR.1_C8_Hypo_S122_Aligned.sortedByCoord.out.bam	MCF7	output.STAR.1	C8	Hypo	72	S122	Aligned.sortedByCoord.out.bam	"STAR,FeatureCounts"
output.STAR.1_C9_Hypo_S123_Aligned.sortedByCoord.out.bam	MCF7	output.STAR.1	C9	Hypo	72	S123	Aligned.sortedByCoord.out.bam	"STAR,FeatureCounts"
output.STAR.1_D10_Hypo_S172_Aligned.sortedByCoord.out.bam	MCF7	output.STAR.1	D10	Hypo	72	S172	Aligned.sortedByCoord.out.bam	"STAR,FeatureCounts"
output.STAR.1_D11_Hypo_S173_Aligned.sortedByCoord.out.bam	MCF7	output.STAR.1	D11	Hypo	72	S173	Aligned.sortedByCoord.out.bam	"STAR,FeatureCounts"
output.STAR.1_D12_Hypo_S174_Aligned.sortedByCoord.out.bam	MCF7	output.STAR.1	D12	Hypo	72	S174	Aligned.sortedByCoord.out.bam	"STAR,FeatureCounts"
output.STAR.1_D1_Norm_S145_Aligned.sortedByCoord.out.bam	MCF7	output.STAR.1	D1	Norm	72	S145	Aligned.sortedByCoord.out.bam	"STAR,FeatureCounts"
output.STAR.1_D2_Norm_S146_Aligned.sortedByCoord.out.bam	MCF7	output.STAR.1	D2	Norm	72	S146	Aligned.sortedByCoord.out.bam	"STAR,FeatureCounts"
output.STAR.1_D3_Norm_S147_Aligned.sortedByCoord.out.bam	MCF7	output.STAR.1	D3	Norm	72	S147	Aligned.sortedByCoord.out.bam	"STAR,FeatureCounts"
output.STAR.1_D4_Norm_S148_Aligned.sortedByCoord.out.bam	MCF7	output.STAR.1	D4	Norm	72	S148	Aligned.sortedByCoord.out.bam	"STAR,FeatureCounts"
output.STAR.1_D5_Norm_S149_Aligned.sortedByCoord.out.bam	MCF7	output.STAR.1	D5	Norm	72	S149	Aligned.sortedByCoord.out.bam	"STAR,FeatureCounts"
output.STAR.1_D6_Norm_S150_Aligned.sortedByCoord.out.bam	MCF7	output.STAR.1	D6	Norm	72	S150	Aligned.sortedByCoord.out.bam	"STAR,FeatureCounts"
output.STAR.1_D7_Hypo_S169_Aligned.sortedByCoord.out.bam	MCF7	output.STAR.1	D7	Hypo	72	S169	Aligned.sortedByCoord.out.bam	"STAR,FeatureCounts"
output.STAR.1_D8_Hypo_S170_Aligned.sortedByCoord.out.bam	MCF7	output.STAR.1	D8	Hypo	72	S170	Aligned.sortedByCoord.out.bam	"STAR,FeatureCounts"
output.STAR.1_D9_Hypo_S171_Aligned.sortedByCoord.out.bam	MCF7	output.STAR.1	D9	Hypo	72	S171	Aligned.sortedByCoord.out.bam	"STAR,FeatureCounts"
output.STAR.1_E10_Hypo_S220_Aligned.sortedByCoord.out.bam	MCF7	output.STAR.1	E10	Hypo	72	S220	Aligned.sortedByCoord.out.bam	"STAR,FeatureCounts"
output.STAR.1_E11_Hypo_S221_Aligned.sortedByCoord.out.bam	MCF7	output.STAR.1	E11	Hypo	72	S221	Aligned.sortedByCoord.out.bam	"STAR,FeatureCounts"
output.STAR.1_E12_Hypo_S222_Aligned.sortedByCoord.out.bam	MCF7	output.STAR.1	E12	Hypo	72	S222	Aligned.sortedByCoord.out.bam	"STAR,FeatureCounts"
output.STAR.1_E1_Norm_S193_Aligned.sortedByCoord.out.bam	MCF7	output.STAR.1	E1	Norm	72	S193	Aligned.sortedByCoord.out.bam	"STAR,FeatureCounts"
output.STAR.1_E2_Norm_S194_Aligned.sortedByCoord.out.bam	MCF7	output.STAR.1	E2	Norm	72	S194	Aligned.sortedByCoord.out.bam	"STAR,FeatureCounts"
output.STAR.1_E3_Norm_S195_Aligned.sortedByCoord.out.bam	MCF7	output.STAR.1	E3	Norm	72	S195	Aligned.sortedByCoord.out.bam	"STAR,FeatureCounts"
output.STAR.1_E4_Norm_S196_Aligned.sortedByCoord.out.bam	MCF7	output.STAR.1	E4	Norm	72	S196	Aligned.sortedByCoord.out.bam	"STAR,FeatureCounts"
output.STAR.1_E5_Norm_S197_Aligned.sortedByCoord.out.bam	MCF7	output.STAR.1	E5	Norm	72	S197	Aligned.sortedByCoord.out.bam	"STAR,FeatureCounts"
output.STAR.1_E6_Norm_S198_Aligned.sortedByCoord.out.bam	MCF7	output.STAR.1	E6	Norm	72	S198	Aligned.sortedByCoord.out.bam	"STAR,FeatureCounts"
output.STAR.1_E7_Hypo_S217_Aligned.sortedByCoord.out.bam	MCF7	output.STAR.1	E7	Hypo	72	S217	Aligned.sortedByCoord.out.bam	"STAR,FeatureCounts"
output.STAR.1_E8_Hypo_S218_Aligned.sortedByCoord.out.bam	MCF7	output.STAR.1	E8	Hypo	72	S218	Aligned.sortedByCoord.out.bam	"STAR,FeatureCounts"
output.STAR.1_E9_Hypo_S219_Aligned.sortedByCoord.out.bam	MCF7	output.STAR.1	E9	Hypo	72	S219	Aligned.sortedByCoord.out.bam	"STAR,FeatureCounts"
output.STAR.1_F10_Hypo_S268_Aligned.sortedByCoord.out.bam	MCF7	output.STAR.1	F10	Hypo	72	S268	Aligned.sortedByCoord.out.bam	"STAR,FeatureCounts"
output.STAR.1_F11_Hypo_S269_Aligned.sortedByCoord.out.bam	MCF7	output.STAR.1	F11	Hypo	72	S269	Aligned.sortedByCoord.out.bam	"STAR,FeatureCounts"
output.STAR.1_F12_Hypo_S270_Aligned.sortedByCoord.out.bam	MCF7	output.STAR.1	F12	Hypo	72	S270	Aligned.sortedByCoord.out.bam	"STAR,FeatureCounts"
output.STAR.1_F1_Norm_S241_Aligned.sortedByCoord.out.bam	MCF7	output.STAR.1	F1	Norm	72	S241	Aligned.sortedByCoord.out.bam	"STAR,FeatureCounts"
output.STAR.1_F2_Norm_S242_Aligned.sortedByCoord.out.bam	MCF7	output.STAR.1	F2	Norm	72	S242	Aligned.sortedByCoord.out.bam	"STAR,FeatureCounts"
output.STAR.1_F3_Norm_S243_Aligned.sortedByCoord.out.bam	MCF7	output.STAR.1	F3	Norm	72	S243	Aligned.sortedByCoord.out.bam	"STAR,FeatureCounts"
output.STAR.1_F4_Norm_S244_Aligned.sortedByCoord.out.bam	MCF7	output.STAR.1	F4	Norm	72	S244	Aligned.sortedByCoord.out.bam	"STAR,FeatureCounts"
output.STAR.1_F5_Norm_S245_Aligned.sortedByCoord.out.bam	MCF7	output.STAR.1	F5	Norm	72	S245	Aligned.sortedByCoord.out.bam	"STAR,FeatureCounts"
output.STAR.1_F6_Norm_S246_Aligned.sortedByCoord.out.bam	MCF7	output.STAR.1	F6	Norm	72	S246	Aligned.sortedByCoord.out.bam	"STAR,FeatureCounts"
output.STAR.1_F7_Hypo_S265_Aligned.sortedByCoord.out.bam	MCF7	output.STAR.1	F7	Hypo	72	S265	Aligned.sortedByCoord.out.bam	"STAR,FeatureCounts"
output.STAR.1_F8_Hypo_S266_Aligned.sortedByCoord.out.bam	MCF7	output.STAR.1	F8	Hypo	72	S266	Aligned.sortedByCoord.out.bam	"STAR,FeatureCounts"
output.STAR.1_F9_Hypo_S267_Aligned.sortedByCoord.out.bam	MCF7	output.STAR.1	F9	Hypo	72	S267	Aligned.sortedByCoord.out.bam	"STAR,FeatureCounts"
output.STAR.1_G10_Hypo_S316_Aligned.sortedByCoord.out.bam	MCF7	output.STAR.1	G10	Hypo	72	S316	Aligned.sortedByCoord.out.bam	"STAR,FeatureCounts"
output.STAR.1_G11_Hypo_S317_Aligned.sortedByCoord.out.bam	MCF7	output.STAR.1	G11	Hypo	72	S317	Aligned.sortedByCoord.out.bam	"STAR,FeatureCounts"
output.STAR.1_G12_Hypo_S318_Aligned.sortedByCoord.out.bam	MCF7	output.STAR.1	G12	Hypo	72	S318	Aligned.sortedByCoord.out.bam	"STAR,FeatureCounts"
output.STAR.1_G1_Norm_S289_Aligned.sortedByCoord.out.bam	MCF7	output.STAR.1	G1	Norm	72	S289	Aligned.sortedByCoord.out.bam	"STAR,FeatureCounts"
output.STAR.1_G2_Norm_S290_Aligned.sortedByCoord.out.bam	MCF7	output.STAR.1	G2	Norm	72	S290	Aligned.sortedByCoord.out.bam	"STAR,FeatureCounts"
output.STAR.1_G3_Norm_S291_Aligned.sortedByCoord.out.bam	MCF7	output.STAR.1	G3	Norm	72	S291	Aligned.sortedByCoord.out.bam	"STAR,FeatureCounts"
output.STAR.1_G4_Norm_S292_Aligned.sortedByCoord.out.bam	MCF7	output.STAR.1	G4	Norm	72	S292	Aligned.sortedByCoord.out.bam	"STAR,FeatureCounts"
output.STAR.1_G5_Norm_S293_Aligned.sortedByCoord.out.bam	MCF7	output.STAR.1	G5	Norm	72	S293	Aligned.sortedByCoord.out.bam	"STAR,FeatureCounts"
output.STAR.1_G6_Norm_S294_Aligned.sortedByCoord.out.bam	MCF7	output.STAR.1	G6	Norm	72	S294	Aligned.sortedByCoord.out.bam	"STAR,FeatureCounts"
output.STAR.1_G7_Hypo_S313_Aligned.sortedByCoord.out.bam	MCF7	output.STAR.1	G7	Hypo	72	S313	Aligned.sortedByCoord.out.bam	"STAR,FeatureCounts"
output.STAR.1_G8_Hypo_S314_Aligned.sortedByCoord.out.bam	MCF7	output.STAR.1	G8	Hypo	72	S314	Aligned.sortedByCoord.out.bam	"STAR,FeatureCounts"
output.STAR.1_G9_Hypo_S315_Aligned.sortedByCoord.out.bam	MCF7	output.STAR.1	G9	Hypo	72	S315	Aligned.sortedByCoord.out.bam	"STAR,FeatureCounts"
output.STAR.1_H10_Hypo_S364_Aligned.sortedByCoord.out.bam	MCF7	output.STAR.1	H10	Hypo	72	S364	Aligned.sortedByCoord.out.bam	"STAR,FeatureCounts"
output.STAR.1_H11_Hypo_S365_Aligned.sortedByCoord.out.bam	MCF7	output.STAR.1	H11	Hypo	72	S365	Aligned.sortedByCoord.out.bam	"STAR,FeatureCounts"
output.STAR.1_H12_Hypo_S366_Aligned.sortedByCoord.out.bam	MCF7	output.STAR.1	H12	Hypo	72	S366	Aligned.sortedByCoord.out.bam	"STAR,FeatureCounts"
output.STAR.1_H1_Norm_S337_Aligned.sortedByCoord.out.bam	MCF7	output.STAR.1	H1	Norm	72	S337	Aligned.sortedByCoord.out.bam	"STAR,FeatureCounts"
output.STAR.1_H2_Norm_S338_Aligned.sortedByCoord.out.bam	MCF7	output.STAR.1	H2	Norm	72	S338	Aligned.sortedByCoord.out.bam	"STAR,FeatureCounts"
output.STAR.1_H3_Norm_S339_Aligned.sortedByCoord.out.bam	MCF7	output.STAR.1	H3	Norm	72	S339	Aligned.sortedByCoord.out.bam	"STAR,FeatureCounts"
output.STAR.1_H4_Norm_S340_Aligned.sortedByCoord.out.bam	MCF7	output.STAR.1	H4	Norm	72	S340	Aligned.sortedByCoord.out.bam	"STAR,FeatureCounts"
output.STAR.1_H5_Norm_S341_Aligned.sortedByCoord.out.bam	MCF7	output.STAR.1	H5	Norm	72	S341	Aligned.sortedByCoord.out.bam	"STAR,FeatureCounts"
output.STAR.1_H6_Norm_S342_Aligned.sortedByCoord.out.bam	MCF7	output.STAR.1	H6	Norm	72	S342	Aligned.sortedByCoord.out.bam	"STAR,FeatureCounts"
output.STAR.1_H7_Hypo_S361_Aligned.sortedByCoord.out.bam	MCF7	output.STAR.1	H7	Hypo	72	S361	Aligned.sortedByCoord.out.bam	"STAR,FeatureCounts"
output.STAR.1_H8_Hypo_S362_Aligned.sortedByCoord.out.bam	MCF7	output.STAR.1	H8	Hypo	72	S362	Aligned.sortedByCoord.out.bam	"STAR,FeatureCounts"
output.STAR.1_H9_Hypo_S363_Aligned.sortedByCoord.out.bam	MCF7	output.STAR.1	H9	Hypo	72	S363	Aligned.sortedByCoord.out.bam	"STAR,FeatureCounts"
output.STAR.2_A10_Hypo_S34_Aligned.sortedByCoord.out.bam	MCF7	output.STAR.2	A10	Hypo	72	S34	Aligned.sortedByCoord.out.bam	"STAR,FeatureCounts"
output.STAR.2_A11_Hypo_S35_Aligned.sortedByCoord.out.bam	MCF7	output.STAR.2	A11	Hypo	72	S35	Aligned.sortedByCoord.out.bam	"STAR,FeatureCounts"
output.STAR.2_A12_Hypo_S36_Aligned.sortedByCoord.out.bam	MCF7	output.STAR.2	A12	Hypo	72	S36	Aligned.sortedByCoord.out.bam	"STAR,FeatureCounts"
output.STAR.2_A1_Norm_S7_Aligned.sortedByCoord.out.bam	MCF7	output.STAR.2	A1	Norm	72	S7	Aligned.sortedByCoord.out.bam	"STAR,FeatureCounts"
output.STAR.2_A2_Norm_S8_Aligned.sortedByCoord.out.bam	MCF7	output.STAR.2	A2	Norm	72	S8	Aligned.sortedByCoord.out.bam	"STAR,FeatureCounts"
output.STAR.2_A3_Norm_S9_Aligned.sortedByCoord.out.bam	MCF7	output.STAR.2	A3	Norm	72	S9	Aligned.sortedByCoord.out.bam	"STAR,FeatureCounts"
output.STAR.2_A4_Norm_S10_Aligned.sortedByCoord.out.bam	MCF7	output.STAR.2	A4	Norm	72	S10	Aligned.sortedByCoord.out.bam	"STAR,FeatureCounts"
output.STAR.2_A5_Norm_S11_Aligned.sortedByCoord.out.bam	MCF7	output.STAR.2	A5	Norm	72	S11	Aligned.sortedByCoord.out.bam	"STAR,FeatureCounts"
output.STAR.2_A6_Norm_S12_Aligned.sortedByCoord.out.bam	MCF7	output.STAR.2	A6	Norm	72	S12	Aligned.sortedByCoord.out.bam	"STAR,FeatureCounts"
output.STAR.2_A7_Hypo_S31_Aligned.sortedByCoord.out.bam	MCF7	output.STAR.2	A7	Hypo	72	S31	Aligned.sortedByCoord.out.bam	"STAR,FeatureCounts"
output.STAR.2_A8_Hypo_S32_Aligned.sortedByCoord.out.bam	MCF7	output.STAR.2	A8	Hypo	72	S32	Aligned.sortedByCoord.out.bam	"STAR,FeatureCounts"
output.STAR.2_A9_Hypo_S33_Aligned.sortedByCoord.out.bam	MCF7	output.STAR.2	A9	Hypo	72	S33	Aligned.sortedByCoord.out.bam	"STAR,FeatureCounts"
output.STAR.2_B10_Hypo_S82_Aligned.sortedByCoord.out.bam	MCF7	output.STAR.2	B10	Hypo	72	S82	Aligned.sortedByCoord.out.bam	"STAR,FeatureCounts"
output.STAR.2_B11_Hypo_S83_Aligned.sortedByCoord.out.bam	MCF7	output.STAR.2	B11	Hypo	72	S83	Aligned.sortedByCoord.out.bam	"STAR,FeatureCounts"
output.STAR.2_B12_Hypo_S84_Aligned.sortedByCoord.out.bam	MCF7	output.STAR.2	B12	Hypo	72	S84	Aligned.sortedByCoord.out.bam	"STAR,FeatureCounts"
output.STAR.2_B1_Norm_S55_Aligned.sortedByCoord.out.bam	MCF7	output.STAR.2	B1	Norm	72	S55	Aligned.sortedByCoord.out.bam	"STAR,FeatureCounts"
output.STAR.2_B2_Norm_S56_Aligned.sortedByCoord.out.bam	MCF7	output.STAR.2	B2	Norm	72	S56	Aligned.sortedByCoord.out.bam	"STAR,FeatureCounts"
output.STAR.2_B3_Norm_S57_Aligned.sortedByCoord.out.bam	MCF7	output.STAR.2	B3	Norm	72	S57	Aligned.sortedByCoord.out.bam	"STAR,FeatureCounts"
output.STAR.2_B4_Norm_S58_Aligned.sortedByCoord.out.bam	MCF7	output.STAR.2	B4	Norm	72	S58	Aligned.sortedByCoord.out.bam	"STAR,FeatureCounts"
output.STAR.2_B5_Norm_S59_Aligned.sortedByCoord.out.bam	MCF7	output.STAR.2	B5	Norm	72	S59	Aligned.sortedByCoord.out.bam	"STAR,FeatureCounts"
output.STAR.2_B6_Norm_S60_Aligned.sortedByCoord.out.bam	MCF7	output.STAR.2	B6	Norm	72	S60	Aligned.sortedByCoord.out.bam	"STAR,FeatureCounts"
output.STAR.2_B7_Hypo_S79_Aligned.sortedByCoord.out.bam	MCF7	output.STAR.2	B7	Hypo	72	S79	Aligned.sortedByCoord.out.bam	"STAR,FeatureCounts"
output.STAR.2_B8_Hypo_S80_Aligned.sortedByCoord.out.bam	MCF7	output.STAR.2	B8	Hypo	72	S80	Aligned.sortedByCoord.out.bam	"STAR,FeatureCounts"
output.STAR.2_B9_Hypo_S81_Aligned.sortedByCoord.out.bam	MCF7	output.STAR.2	B9	Hypo	72	S81	Aligned.sortedByCoord.out.bam	"STAR,FeatureCounts"
output.STAR.2_C10_Hypo_S130_Aligned.sortedByCoord.out.bam	MCF7	output.STAR.2	C10	Hypo	72	S130	Aligned.sortedByCoord.out.bam	"STAR,FeatureCounts"
output.STAR.2_C11_Hypo_S131_Aligned.sortedByCoord.out.bam	MCF7	output.STAR.2	C11	Hypo	72	S131	Aligned.sortedByCoord.out.bam	"STAR,FeatureCounts"
output.STAR.2_C12_Hypo_S132_Aligned.sortedByCoord.out.bam	MCF7	output.STAR.2	C12	Hypo	72	S132	Aligned.sortedByCoord.out.bam	"STAR,FeatureCounts"
output.STAR.2_C1_Norm_S103_Aligned.sortedByCoord.out.bam	MCF7	output.STAR.2	C1	Norm	72	S103	Aligned.sortedByCoord.out.bam	"STAR,FeatureCounts"
output.STAR.2_C2_Norm_S104_Aligned.sortedByCoord.out.bam	MCF7	output.STAR.2	C2	Norm	72	S104	Aligned.sortedByCoord.out.bam	"STAR,FeatureCounts"
output.STAR.2_C3_Norm_S105_Aligned.sortedByCoord.out.bam	MCF7	output.STAR.2	C3	Norm	72	S105	Aligned.sortedByCoord.out.bam	"STAR,FeatureCounts"
output.STAR.2_C4_Norm_S106_Aligned.sortedByCoord.out.bam	MCF7	output.STAR.2	C4	Norm	72	S106	Aligned.sortedByCoord.out.bam	"STAR,FeatureCounts"
output.STAR.2_C5_Norm_S107_Aligned.sortedByCoord.out.bam	MCF7	output.STAR.2	C5	Norm	72	S107	Aligned.sortedByCoord.out.bam	"STAR,FeatureCounts"
output.STAR.2_C6_Norm_S108_Aligned.sortedByCoord.out.bam	MCF7	output.STAR.2	C6	Norm	72	S108	Aligned.sortedByCoord.out.bam	"STAR,FeatureCounts"
output.STAR.2_C7_Hypo_S127_Aligned.sortedByCoord.out.bam	MCF7	output.STAR.2	C7	Hypo	72	S127	Aligned.sortedByCoord.out.bam	"STAR,FeatureCounts"
output.STAR.2_C8_Hypo_S128_Aligned.sortedByCoord.out.bam	MCF7	output.STAR.2	C8	Hypo	72	S128	Aligned.sortedByCoord.out.bam	"STAR,FeatureCounts"
output.STAR.2_C9_Hypo_S129_Aligned.sortedByCoord.out.bam	MCF7	output.STAR.2	C9	Hypo	72	S129	Aligned.sortedByCoord.out.bam	"STAR,FeatureCounts"
output.STAR.2_D10_Hypo_S178_Aligned.sortedByCoord.out.bam	MCF7	output.STAR.2	D10	Hypo	72	S178	Aligned.sortedByCoord.out.bam	"STAR,FeatureCounts"
output.STAR.2_D11_Hypo_S179_Aligned.sortedByCoord.out.bam	MCF7	output.STAR.2	D11	Hypo	72	S179	Aligned.sortedByCoord.out.bam	"STAR,FeatureCounts"
output.STAR.2_D12_Hypo_S180_Aligned.sortedByCoord.out.bam	MCF7	output.STAR.2	D12	Hypo	72	S180	Aligned.sortedByCoord.out.bam	"STAR,FeatureCounts"
output.STAR.2_D1_Norm_S151_Aligned.sortedByCoord.out.bam	MCF7	output.STAR.2	D1	Norm	72	S151	Aligned.sortedByCoord.out.bam	"STAR,FeatureCounts"
output.STAR.2_D2_Norm_S152_Aligned.sortedByCoord.out.bam	MCF7	output.STAR.2	D2	Norm	72	S152	Aligned.sortedByCoord.out.bam	"STAR,FeatureCounts"
output.STAR.2_D3_Norm_S153_Aligned.sortedByCoord.out.bam	MCF7	output.STAR.2	D3	Norm	72	S153	Aligned.sortedByCoord.out.bam	"STAR,FeatureCounts"
output.STAR.2_D4_Norm_S154_Aligned.sortedByCoord.out.bam	MCF7	output.STAR.2	D4	Norm	72	S154	Aligned.sortedByCoord.out.bam	"STAR,FeatureCounts"
output.STAR.2_D5_Norm_S155_Aligned.sortedByCoord.out.bam	MCF7	output.STAR.2	D5	Norm	72	S155	Aligned.sortedByCoord.out.bam	"STAR,FeatureCounts"
output.STAR.2_D6_Norm_S156_Aligned.sortedByCoord.out.bam	MCF7	output.STAR.2	D6	Norm	72	S156	Aligned.sortedByCoord.out.bam	"STAR,FeatureCounts"
output.STAR.2_D7_Hypo_S175_Aligned.sortedByCoord.out.bam	MCF7	output.STAR.2	D7	Hypo	72	S175	Aligned.sortedByCoord.out.bam	"STAR,FeatureCounts"
output.STAR.2_D8_Hypo_S176_Aligned.sortedByCoord.out.bam	MCF7	output.STAR.2	D8	Hypo	72	S176	Aligned.sortedByCoord.out.bam	"STAR,FeatureCounts"
output.STAR.2_D9_Hypo_S177_Aligned.sortedByCoord.out.bam	MCF7	output.STAR.2	D9	Hypo	72	S177	Aligned.sortedByCoord.out.bam	"STAR,FeatureCounts"
output.STAR.2_E10_Hypo_S226_Aligned.sortedByCoord.out.bam	MCF7	output.STAR.2	E10	Hypo	72	S226	Aligned.sortedByCoord.out.bam	"STAR,FeatureCounts"
output.STAR.2_E11_Hypo_S227_Aligned.sortedByCoord.out.bam	MCF7	output.STAR.2	E11	Hypo	72	S227	Aligned.sortedByCoord.out.bam	"STAR,FeatureCounts"
output.STAR.2_E12_Hypo_S228_Aligned.sortedByCoord.out.bam	MCF7	output.STAR.2	E12	Hypo	72	S228	Aligned.sortedByCoord.out.bam	"STAR,FeatureCounts"
output.STAR.2_E1_Norm_S199_Aligned.sortedByCoord.out.bam	MCF7	output.STAR.2	E1	Norm	72	S199	Aligned.sortedByCoord.out.bam	"STAR,FeatureCounts"
output.STAR.2_E2_Norm_S200_Aligned.sortedByCoord.out.bam	MCF7	output.STAR.2	E2	Norm	72	S200	Aligned.sortedByCoord.out.bam	"STAR,FeatureCounts"
output.STAR.2_E3_Norm_S201_Aligned.sortedByCoord.out.bam	MCF7	output.STAR.2	E3	Norm	72	S201	Aligned.sortedByCoord.out.bam	"STAR,FeatureCounts"
output.STAR.2_E4_Norm_S202_Aligned.sortedByCoord.out.bam	MCF7	output.STAR.2	E4	Norm	72	S202	Aligned.sortedByCoord.out.bam	"STAR,FeatureCounts"
output.STAR.2_E5_Norm_S203_Aligned.sortedByCoord.out.bam	MCF7	output.STAR.2	E5	Norm	72	S203	Aligned.sortedByCoord.out.bam	"STAR,FeatureCounts"
output.STAR.2_E6_Norm_S204_Aligned.sortedByCoord.out.bam	MCF7	output.STAR.2	E6	Norm	72	S204	Aligned.sortedByCoord.out.bam	"STAR,FeatureCounts"
output.STAR.2_E7_Hypo_S223_Aligned.sortedByCoord.out.bam	MCF7	output.STAR.2	E7	Hypo	72	S223	Aligned.sortedByCoord.out.bam	"STAR,FeatureCounts"
output.STAR.2_E8_Hypo_S224_Aligned.sortedByCoord.out.bam	MCF7	output.STAR.2	E8	Hypo	72	S224	Aligned.sortedByCoord.out.bam	"STAR,FeatureCounts"
output.STAR.2_E9_Hypo_S225_Aligned.sortedByCoord.out.bam	MCF7	output.STAR.2	E9	Hypo	72	S225	Aligned.sortedByCoord.out.bam	"STAR,FeatureCounts"
output.STAR.2_F10_Hypo_S274_Aligned.sortedByCoord.out.bam	MCF7	output.STAR.2	F10	Hypo	72	S274	Aligned.sortedByCoord.out.bam	"STAR,FeatureCounts"
output.STAR.2_F11_Hypo_S275_Aligned.sortedByCoord.out.bam	MCF7	output.STAR.2	F11	Hypo	72	S275	Aligned.sortedByCoord.out.bam	"STAR,FeatureCounts"
output.STAR.2_F12_Hypo_S276_Aligned.sortedByCoord.out.bam	MCF7	output.STAR.2	F12	Hypo	72	S276	Aligned.sortedByCoord.out.bam	"STAR,FeatureCounts"
output.STAR.2_F1_Norm_S247_Aligned.sortedByCoord.out.bam	MCF7	output.STAR.2	F1	Norm	72	S247	Aligned.sortedByCoord.out.bam	"STAR,FeatureCounts"
output.STAR.2_F2_Norm_S248_Aligned.sortedByCoord.out.bam	MCF7	output.STAR.2	F2	Norm	72	S248	Aligned.sortedByCoord.out.bam	"STAR,FeatureCounts"
output.STAR.2_F3_Norm_S249_Aligned.sortedByCoord.out.bam	MCF7	output.STAR.2	F3	Norm	72	S249	Aligned.sortedByCoord.out.bam	"STAR,FeatureCounts"
output.STAR.2_F4_Norm_S250_Aligned.sortedByCoord.out.bam	MCF7	output.STAR.2	F4	Norm	72	S250	Aligned.sortedByCoord.out.bam	"STAR,FeatureCounts"
output.STAR.2_F5_Norm_S251_Aligned.sortedByCoord.out.bam	MCF7	output.STAR.2	F5	Norm	72	S251	Aligned.sortedByCoord.out.bam	"STAR,FeatureCounts"
output.STAR.2_F6_Norm_S252_Aligned.sortedByCoord.out.bam	MCF7	output.STAR.2	F6	Norm	72	S252	Aligned.sortedByCoord.out.bam	"STAR,FeatureCounts"
output.STAR.2_F7_Hypo_S271_Aligned.sortedByCoord.out.bam	MCF7	output.STAR.2	F7	Hypo	72	S271	Aligned.sortedByCoord.out.bam	"STAR,FeatureCounts"
output.STAR.2_F8_Hypo_S272_Aligned.sortedByCoord.out.bam	MCF7	output.STAR.2	F8	Hypo	72	S272	Aligned.sortedByCoord.out.bam	"STAR,FeatureCounts"
output.STAR.2_F9_Hypo_S273_Aligned.sortedByCoord.out.bam	MCF7	output.STAR.2	F9	Hypo	72	S273	Aligned.sortedByCoord.out.bam	"STAR,FeatureCounts"
output.STAR.2_G10_Hypo_S322_Aligned.sortedByCoord.out.bam	MCF7	output.STAR.2	G10	Hypo	72	S322	Aligned.sortedByCoord.out.bam	"STAR,FeatureCounts"
output.STAR.2_G11_Hypo_S323_Aligned.sortedByCoord.out.bam	MCF7	output.STAR.2	G11	Hypo	72	S323	Aligned.sortedByCoord.out.bam	"STAR,FeatureCounts"
output.STAR.2_G12_Hypo_S324_Aligned.sortedByCoord.out.bam	MCF7	output.STAR.2	G12	Hypo	72	S324	Aligned.sortedByCoord.out.bam	"STAR,FeatureCounts"
output.STAR.2_G1_Norm_S295_Aligned.sortedByCoord.out.bam	MCF7	output.STAR.2	G1	Norm	72	S295	Aligned.sortedByCoord.out.bam	"STAR,FeatureCounts"
output.STAR.2_G2_Norm_S296_Aligned.sortedByCoord.out.bam	MCF7	output.STAR.2	G2	Norm	72	S296	Aligned.sortedByCoord.out.bam	"STAR,FeatureCounts"
output.STAR.2_G3_Norm_S297_Aligned.sortedByCoord.out.bam	MCF7	output.STAR.2	G3	Norm	72	S297	Aligned.sortedByCoord.out.bam	"STAR,FeatureCounts"
output.STAR.2_G4_Norm_S298_Aligned.sortedByCoord.out.bam	MCF7	output.STAR.2	G4	Norm	72	S298	Aligned.sortedByCoord.out.bam	"STAR,FeatureCounts"
output.STAR.2_G5_Norm_S299_Aligned.sortedByCoord.out.bam	MCF7	output.STAR.2	G5	Norm	72	S299	Aligned.sortedByCoord.out.bam	"STAR,FeatureCounts"
output.STAR.2_G6_Norm_S300_Aligned.sortedByCoord.out.bam	MCF7	output.STAR.2	G6	Norm	72	S300	Aligned.sortedByCoord.out.bam	"STAR,FeatureCounts"
output.STAR.2_G7_Hypo_S319_Aligned.sortedByCoord.out.bam	MCF7	output.STAR.2	G7	Hypo	72	S319	Aligned.sortedByCoord.out.bam	"STAR,FeatureCounts"
output.STAR.2_G8_Hypo_S320_Aligned.sortedByCoord.out.bam	MCF7	output.STAR.2	G8	Hypo	72	S320	Aligned.sortedByCoord.out.bam	"STAR,FeatureCounts"
output.STAR.2_G9_Hypo_S321_Aligned.sortedByCoord.out.bam	MCF7	output.STAR.2	G9	Hypo	72	S321	Aligned.sortedByCoord.out.bam	"STAR,FeatureCounts"
output.STAR.2_H10_Hypo_S370_Aligned.sortedByCoord.out.bam	MCF7	output.STAR.2	H10	Hypo	72	S370	Aligned.sortedByCoord.out.bam	"STAR,FeatureCounts"
output.STAR.2_H11_Hypo_S371_Aligned.sortedByCoord.out.bam	MCF7	output.STAR.2	H11	Hypo	72	S371	Aligned.sortedByCoord.out.bam	"STAR,FeatureCounts"
output.STAR.2_H12_Hypo_S372_Aligned.sortedByCoord.out.bam	MCF7	output.STAR.2	H12	Hypo	72	S372	Aligned.sortedByCoord.out.bam	"STAR,FeatureCounts"
output.STAR.2_H1_Norm_S343_Aligned.sortedByCoord.out.bam	MCF7	output.STAR.2	H1	Norm	72	S343	Aligned.sortedByCoord.out.bam	"STAR,FeatureCounts"
output.STAR.2_H2_Norm_S344_Aligned.sortedByCoord.out.bam	MCF7	output.STAR.2	H2	Norm	72	S344	Aligned.sortedByCoord.out.bam	"STAR,FeatureCounts"
output.STAR.2_H3_Norm_S345_Aligned.sortedByCoord.out.bam	MCF7	output.STAR.2	H3	Norm	72	S345	Aligned.sortedByCoord.out.bam	"STAR,FeatureCounts"
output.STAR.2_H4_Norm_S346_Aligned.sortedByCoord.out.bam	MCF7	output.STAR.2	H4	Norm	72	S346	Aligned.sortedByCoord.out.bam	"STAR,FeatureCounts"
output.STAR.2_H5_Norm_S347_Aligned.sortedByCoord.out.bam	MCF7	output.STAR.2	H5	Norm	72	S347	Aligned.sortedByCoord.out.bam	"STAR,FeatureCounts"
output.STAR.2_H6_Norm_S348_Aligned.sortedByCoord.out.bam	MCF7	output.STAR.2	H6	Norm	72	S348	Aligned.sortedByCoord.out.bam	"STAR,FeatureCounts"
output.STAR.2_H7_Hypo_S367_Aligned.sortedByCoord.out.bam	MCF7	output.STAR.2	H7	Hypo	72	S367	Aligned.sortedByCoord.out.bam	"STAR,FeatureCounts"
output.STAR.2_H8_Hypo_S368_Aligned.sortedByCoord.out.bam	MCF7	output.STAR.2	H8	Hypo	72	S368	Aligned.sortedByCoord.out.bam	"STAR,FeatureCounts"
output.STAR.2_H9_Hypo_S369_Aligned.sortedByCoord.out.bam	MCF7	output.STAR.2	H9	Hypo	72	S369	Aligned.sortedByCoord.out.bam	"STAR,FeatureCounts"
output.STAR.3_A10_Hypo_S40_Aligned.sortedByCoord.out.bam	MCF7	output.STAR.3	A10	Hypo	72	S40	Aligned.sortedByCoord.out.bam	"STAR,FeatureCounts"
output.STAR.3_A11_Hypo_S41_Aligned.sortedByCoord.out.bam	MCF7	output.STAR.3	A11	Hypo	72	S41	Aligned.sortedByCoord.out.bam	"STAR,FeatureCounts"
output.STAR.3_A12_Hypo_S42_Aligned.sortedByCoord.out.bam	MCF7	output.STAR.3	A12	Hypo	72	S42	Aligned.sortedByCoord.out.bam	"STAR,FeatureCounts"
output.STAR.3_A1_Norm_S13_Aligned.sortedByCoord.out.bam	MCF7	output.STAR.3	A1	Norm	72	S13	Aligned.sortedByCoord.out.bam	"STAR,FeatureCounts"
output.STAR.3_A2_Norm_S14_Aligned.sortedByCoord.out.bam	MCF7	output.STAR.3	A2	Norm	72	S14	Aligned.sortedByCoord.out.bam	"STAR,FeatureCounts"
output.STAR.3_A3_Norm_S15_Aligned.sortedByCoord.out.bam	MCF7	output.STAR.3	A3	Norm	72	S15	Aligned.sortedByCoord.out.bam	"STAR,FeatureCounts"
output.STAR.3_A4_Norm_S16_Aligned.sortedByCoord.out.bam	MCF7	output.STAR.3	A4	Norm	72	S16	Aligned.sortedByCoord.out.bam	"STAR,FeatureCounts"
output.STAR.3_A5_Norm_S17_Aligned.sortedByCoord.out.bam	MCF7	output.STAR.3	A5	Norm	72	S17	Aligned.sortedByCoord.out.bam	"STAR,FeatureCounts"
output.STAR.3_A6_Norm_S18_Aligned.sortedByCoord.out.bam	MCF7	output.STAR.3	A6	Norm	72	S18	Aligned.sortedByCoord.out.bam	"STAR,FeatureCounts"
output.STAR.3_A7_Hypo_S37_Aligned.sortedByCoord.out.bam	MCF7	output.STAR.3	A7	Hypo	72	S37	Aligned.sortedByCoord.out.bam	"STAR,FeatureCounts"
output.STAR.3_A8_Hypo_S38_Aligned.sortedByCoord.out.bam	MCF7	output.STAR.3	A8	Hypo	72	S38	Aligned.sortedByCoord.out.bam	"STAR,FeatureCounts"
output.STAR.3_A9_Hypo_S39_Aligned.sortedByCoord.out.bam	MCF7	output.STAR.3	A9	Hypo	72	S39	Aligned.sortedByCoord.out.bam	"STAR,FeatureCounts"
output.STAR.3_B10_Hypo_S88_Aligned.sortedByCoord.out.bam	MCF7	output.STAR.3	B10	Hypo	72	S88	Aligned.sortedByCoord.out.bam	"STAR,FeatureCounts"
output.STAR.3_B11_Hypo_S89_Aligned.sortedByCoord.out.bam	MCF7	output.STAR.3	B11	Hypo	72	S89	Aligned.sortedByCoord.out.bam	"STAR,FeatureCounts"
output.STAR.3_B12_Hypo_S90_Aligned.sortedByCoord.out.bam	MCF7	output.STAR.3	B12	Hypo	72	S90	Aligned.sortedByCoord.out.bam	"STAR,FeatureCounts"
output.STAR.3_B1_Norm_S61_Aligned.sortedByCoord.out.bam	MCF7	output.STAR.3	B1	Norm	72	S61	Aligned.sortedByCoord.out.bam	"STAR,FeatureCounts"
output.STAR.3_B2_Norm_S62_Aligned.sortedByCoord.out.bam	MCF7	output.STAR.3	B2	Norm	72	S62	Aligned.sortedByCoord.out.bam	"STAR,FeatureCounts"
output.STAR.3_B3_Norm_S63_Aligned.sortedByCoord.out.bam	MCF7	output.STAR.3	B3	Norm	72	S63	Aligned.sortedByCoord.out.bam	"STAR,FeatureCounts"
output.STAR.3_B4_Norm_S64_Aligned.sortedByCoord.out.bam	MCF7	output.STAR.3	B4	Norm	72	S64	Aligned.sortedByCoord.out.bam	"STAR,FeatureCounts"
output.STAR.3_B5_Norm_S65_Aligned.sortedByCoord.out.bam	MCF7	output.STAR.3	B5	Norm	72	S65	Aligned.sortedByCoord.out.bam	"STAR,FeatureCounts"
output.STAR.3_B6_Norm_S66_Aligned.sortedByCoord.out.bam	MCF7	output.STAR.3	B6	Norm	72	S66	Aligned.sortedByCoord.out.bam	"STAR,FeatureCounts"
output.STAR.3_B7_Hypo_S85_Aligned.sortedByCoord.out.bam	MCF7	output.STAR.3	B7	Hypo	72	S85	Aligned.sortedByCoord.out.bam	"STAR,FeatureCounts"
output.STAR.3_B8_Hypo_S86_Aligned.sortedByCoord.out.bam	MCF7	output.STAR.3	B8	Hypo	72	S86	Aligned.sortedByCoord.out.bam	"STAR,FeatureCounts"
output.STAR.3_B9_Hypo_S87_Aligned.sortedByCoord.out.bam	MCF7	output.STAR.3	B9	Hypo	72	S87	Aligned.sortedByCoord.out.bam	"STAR,FeatureCounts"
output.STAR.3_C10_Hypo_S136_Aligned.sortedByCoord.out.bam	MCF7	output.STAR.3	C10	Hypo	72	S136	Aligned.sortedByCoord.out.bam	"STAR,FeatureCounts"
output.STAR.3_C11_Hypo_S137_Aligned.sortedByCoord.out.bam	MCF7	output.STAR.3	C11	Hypo	72	S137	Aligned.sortedByCoord.out.bam	"STAR,FeatureCounts"
output.STAR.3_C12_Hypo_S138_Aligned.sortedByCoord.out.bam	MCF7	output.STAR.3	C12	Hypo	72	S138	Aligned.sortedByCoord.out.bam	"STAR,FeatureCounts"
output.STAR.3_C1_Norm_S109_Aligned.sortedByCoord.out.bam	MCF7	output.STAR.3	C1	Norm	72	S109	Aligned.sortedByCoord.out.bam	"STAR,FeatureCounts"
output.STAR.3_C2_Norm_S110_Aligned.sortedByCoord.out.bam	MCF7	output.STAR.3	C2	Norm	72	S110	Aligned.sortedByCoord.out.bam	"STAR,FeatureCounts"
output.STAR.3_C3_Norm_S111_Aligned.sortedByCoord.out.bam	MCF7	output.STAR.3	C3	Norm	72	S111	Aligned.sortedByCoord.out.bam	"STAR,FeatureCounts"
output.STAR.3_C4_Norm_S112_Aligned.sortedByCoord.out.bam	MCF7	output.STAR.3	C4	Norm	72	S112	Aligned.sortedByCoord.out.bam	"STAR,FeatureCounts"
output.STAR.3_C5_Norm_S113_Aligned.sortedByCoord.out.bam	MCF7	output.STAR.3	C5	Norm	72	S113	Aligned.sortedByCoord.out.bam	"STAR,FeatureCounts"
output.STAR.3_C6_Norm_S114_Aligned.sortedByCoord.out.bam	MCF7	output.STAR.3	C6	Norm	72	S114	Aligned.sortedByCoord.out.bam	"STAR,FeatureCounts"
output.STAR.3_C7_Hypo_S133_Aligned.sortedByCoord.out.bam	MCF7	output.STAR.3	C7	Hypo	72	S133	Aligned.sortedByCoord.out.bam	"STAR,FeatureCounts"
output.STAR.3_C8_Hypo_S134_Aligned.sortedByCoord.out.bam	MCF7	output.STAR.3	C8	Hypo	72	S134	Aligned.sortedByCoord.out.bam	"STAR,FeatureCounts"
output.STAR.3_C9_Hypo_S135_Aligned.sortedByCoord.out.bam	MCF7	output.STAR.3	C9	Hypo	72	S135	Aligned.sortedByCoord.out.bam	"STAR,FeatureCounts"
output.STAR.3_D10_Hypo_S184_Aligned.sortedByCoord.out.bam	MCF7	output.STAR.3	D10	Hypo	72	S184	Aligned.sortedByCoord.out.bam	"STAR,FeatureCounts"
output.STAR.3_D11_Hypo_S185_Aligned.sortedByCoord.out.bam	MCF7	output.STAR.3	D11	Hypo	72	S185	Aligned.sortedByCoord.out.bam	"STAR,FeatureCounts"
output.STAR.3_D12_Hypo_S186_Aligned.sortedByCoord.out.bam	MCF7	output.STAR.3	D12	Hypo	72	S186	Aligned.sortedByCoord.out.bam	"STAR,FeatureCounts"
output.STAR.3_D1_Norm_S157_Aligned.sortedByCoord.out.bam	MCF7	output.STAR.3	D1	Norm	72	S157	Aligned.sortedByCoord.out.bam	"STAR,FeatureCounts"
output.STAR.3_D2_Norm_S158_Aligned.sortedByCoord.out.bam	MCF7	output.STAR.3	D2	Norm	72	S158	Aligned.sortedByCoord.out.bam	"STAR,FeatureCounts"
output.STAR.3_D3_Norm_S159_Aligned.sortedByCoord.out.bam	MCF7	output.STAR.3	D3	Norm	72	S159	Aligned.sortedByCoord.out.bam	"STAR,FeatureCounts"
output.STAR.3_D4_Norm_S160_Aligned.sortedByCoord.out.bam	MCF7	output.STAR.3	D4	Norm	72	S160	Aligned.sortedByCoord.out.bam	"STAR,FeatureCounts"
output.STAR.3_D5_Norm_S161_Aligned.sortedByCoord.out.bam	MCF7	output.STAR.3	D5	Norm	72	S161	Aligned.sortedByCoord.out.bam	"STAR,FeatureCounts"
output.STAR.3_D6_Norm_S162_Aligned.sortedByCoord.out.bam	MCF7	output.STAR.3	D6	Norm	72	S162	Aligned.sortedByCoord.out.bam	"STAR,FeatureCounts"
output.STAR.3_D7_Hypo_S181_Aligned.sortedByCoord.out.bam	MCF7	output.STAR.3	D7	Hypo	72	S181	Aligned.sortedByCoord.out.bam	"STAR,FeatureCounts"
output.STAR.3_D8_Hypo_S182_Aligned.sortedByCoord.out.bam	MCF7	output.STAR.3	D8	Hypo	72	S182	Aligned.sortedByCoord.out.bam	"STAR,FeatureCounts"
output.STAR.3_D9_Hypo_S183_Aligned.sortedByCoord.out.bam	MCF7	output.STAR.3	D9	Hypo	72	S183	Aligned.sortedByCoord.out.bam	"STAR,FeatureCounts"
output.STAR.3_E10_Hypo_S232_Aligned.sortedByCoord.out.bam	MCF7	output.STAR.3	E10	Hypo	72	S232	Aligned.sortedByCoord.out.bam	"STAR,FeatureCounts"
output.STAR.3_E11_Hypo_S233_Aligned.sortedByCoord.out.bam	MCF7	output.STAR.3	E11	Hypo	72	S233	Aligned.sortedByCoord.out.bam	"STAR,FeatureCounts"
output.STAR.3_E12_Hypo_S234_Aligned.sortedByCoord.out.bam	MCF7	output.STAR.3	E12	Hypo	72	S234	Aligned.sortedByCoord.out.bam	"STAR,FeatureCounts"
output.STAR.3_E1_Norm_S205_Aligned.sortedByCoord.out.bam	MCF7	output.STAR.3	E1	Norm	72	S205	Aligned.sortedByCoord.out.bam	"STAR,FeatureCounts"
output.STAR.3_E2_Norm_S206_Aligned.sortedByCoord.out.bam	MCF7	output.STAR.3	E2	Norm	72	S206	Aligned.sortedByCoord.out.bam	"STAR,FeatureCounts"
output.STAR.3_E3_Norm_S207_Aligned.sortedByCoord.out.bam	MCF7	output.STAR.3	E3	Norm	72	S207	Aligned.sortedByCoord.out.bam	"STAR,FeatureCounts"
output.STAR.3_E4_Norm_S208_Aligned.sortedByCoord.out.bam	MCF7	output.STAR.3	E4	Norm	72	S208	Aligned.sortedByCoord.out.bam	"STAR,FeatureCounts"
output.STAR.3_E5_Norm_S209_Aligned.sortedByCoord.out.bam	MCF7	output.STAR.3	E5	Norm	72	S209	Aligned.sortedByCoord.out.bam	"STAR,FeatureCounts"
output.STAR.3_E6_Norm_S210_Aligned.sortedByCoord.out.bam	MCF7	output.STAR.3	E6	Norm	72	S210	Aligned.sortedByCoord.out.bam	"STAR,FeatureCounts"
output.STAR.3_E7_Hypo_S229_Aligned.sortedByCoord.out.bam	MCF7	output.STAR.3	E7	Hypo	72	S229	Aligned.sortedByCoord.out.bam	"STAR,FeatureCounts"
output.STAR.3_E8_Hypo_S230_Aligned.sortedByCoord.out.bam	MCF7	output.STAR.3	E8	Hypo	72	S230	Aligned.sortedByCoord.out.bam	"STAR,FeatureCounts"
output.STAR.3_E9_Hypo_S231_Aligned.sortedByCoord.out.bam	MCF7	output.STAR.3	E9	Hypo	72	S231	Aligned.sortedByCoord.out.bam	"STAR,FeatureCounts"
output.STAR.3_F10_Hypo_S280_Aligned.sortedByCoord.out.bam	MCF7	output.STAR.3	F10	Hypo	72	S280	Aligned.sortedByCoord.out.bam	"STAR,FeatureCounts"
output.STAR.3_F11_Hypo_S281_Aligned.sortedByCoord.out.bam	MCF7	output.STAR.3	F11	Hypo	72	S281	Aligned.sortedByCoord.out.bam	"STAR,FeatureCounts"
output.STAR.3_F12_Hypo_S282_Aligned.sortedByCoord.out.bam	MCF7	output.STAR.3	F12	Hypo	72	S282	Aligned.sortedByCoord.out.bam	"STAR,FeatureCounts"
output.STAR.3_F1_Norm_S253_Aligned.sortedByCoord.out.bam	MCF7	output.STAR.3	F1	Norm	72	S253	Aligned.sortedByCoord.out.bam	"STAR,FeatureCounts"
output.STAR.3_F2_Norm_S254_Aligned.sortedByCoord.out.bam	MCF7	output.STAR.3	F2	Norm	72	S254	Aligned.sortedByCoord.out.bam	"STAR,FeatureCounts"
output.STAR.3_F3_Norm_S255_Aligned.sortedByCoord.out.bam	MCF7	output.STAR.3	F3	Norm	72	S255	Aligned.sortedByCoord.out.bam	"STAR,FeatureCounts"
output.STAR.3_F4_Norm_S256_Aligned.sortedByCoord.out.bam	MCF7	output.STAR.3	F4	Norm	72	S256	Aligned.sortedByCoord.out.bam	"STAR,FeatureCounts"
output.STAR.3_F5_Norm_S257_Aligned.sortedByCoord.out.bam	MCF7	output.STAR.3	F5	Norm	72	S257	Aligned.sortedByCoord.out.bam	"STAR,FeatureCounts"
output.STAR.3_F6_Norm_S258_Aligned.sortedByCoord.out.bam	MCF7	output.STAR.3	F6	Norm	72	S258	Aligned.sortedByCoord.out.bam	"STAR,FeatureCounts"
output.STAR.3_F7_Hypo_S277_Aligned.sortedByCoord.out.bam	MCF7	output.STAR.3	F7	Hypo	72	S277	Aligned.sortedByCoord.out.bam	"STAR,FeatureCounts"
output.STAR.3_F8_Hypo_S278_Aligned.sortedByCoord.out.bam	MCF7	output.STAR.3	F8	Hypo	72	S278	Aligned.sortedByCoord.out.bam	"STAR,FeatureCounts"
output.STAR.3_F9_Hypo_S279_Aligned.sortedByCoord.out.bam	MCF7	output.STAR.3	F9	Hypo	72	S279	Aligned.sortedByCoord.out.bam	"STAR,FeatureCounts"
output.STAR.3_G10_Hypo_S328_Aligned.sortedByCoord.out.bam	MCF7	output.STAR.3	G10	Hypo	72	S328	Aligned.sortedByCoord.out.bam	"STAR,FeatureCounts"
output.STAR.3_G11_Hypo_S329_Aligned.sortedByCoord.out.bam	MCF7	output.STAR.3	G11	Hypo	72	S329	Aligned.sortedByCoord.out.bam	"STAR,FeatureCounts"
output.STAR.3_G12_Hypo_S330_Aligned.sortedByCoord.out.bam	MCF7	output.STAR.3	G12	Hypo	72	S330	Aligned.sortedByCoord.out.bam	"STAR,FeatureCounts"
output.STAR.3_G1_Norm_S301_Aligned.sortedByCoord.out.bam	MCF7	output.STAR.3	G1	Norm	72	S301	Aligned.sortedByCoord.out.bam	"STAR,FeatureCounts"
output.STAR.3_G2_Norm_S302_Aligned.sortedByCoord.out.bam	MCF7	output.STAR.3	G2	Norm	72	S302	Aligned.sortedByCoord.out.bam	"STAR,FeatureCounts"
output.STAR.3_G3_Norm_S303_Aligned.sortedByCoord.out.bam	MCF7	output.STAR.3	G3	Norm	72	S303	Aligned.sortedByCoord.out.bam	"STAR,FeatureCounts"
output.STAR.3_G4_Norm_S304_Aligned.sortedByCoord.out.bam	MCF7	output.STAR.3	G4	Norm	72	S304	Aligned.sortedByCoord.out.bam	"STAR,FeatureCounts"
output.STAR.3_G5_Norm_S305_Aligned.sortedByCoord.out.bam	MCF7	output.STAR.3	G5	Norm	72	S305	Aligned.sortedByCoord.out.bam	"STAR,FeatureCounts"
output.STAR.3_G6_Norm_S306_Aligned.sortedByCoord.out.bam	MCF7	output.STAR.3	G6	Norm	72	S306	Aligned.sortedByCoord.out.bam	"STAR,FeatureCounts"
output.STAR.3_G7_Hypo_S325_Aligned.sortedByCoord.out.bam	MCF7	output.STAR.3	G7	Hypo	72	S325	Aligned.sortedByCoord.out.bam	"STAR,FeatureCounts"
output.STAR.3_G8_Hypo_S326_Aligned.sortedByCoord.out.bam	MCF7	output.STAR.3	G8	Hypo	72	S326	Aligned.sortedByCoord.out.bam	"STAR,FeatureCounts"
output.STAR.3_G9_Hypo_S327_Aligned.sortedByCoord.out.bam	MCF7	output.STAR.3	G9	Hypo	72	S327	Aligned.sortedByCoord.out.bam	"STAR,FeatureCounts"
output.STAR.3_H10_Hypo_S376_Aligned.sortedByCoord.out.bam	MCF7	output.STAR.3	H10	Hypo	72	S376	Aligned.sortedByCoord.out.bam	"STAR,FeatureCounts"
output.STAR.3_H12_Hypo_S378_Aligned.sortedByCoord.out.bam	MCF7	output.STAR.3	H12	Hypo	72	S378	Aligned.sortedByCoord.out.bam	"STAR,FeatureCounts"
output.STAR.3_H13_Hypo_S377_Aligned.sortedByCoord.out.bam	MCF7	output.STAR.3	H13	Hypo	72	S377	Aligned.sortedByCoord.out.bam	"STAR,FeatureCounts"
output.STAR.3_H1_Norm_S349_Aligned.sortedByCoord.out.bam	MCF7	output.STAR.3	H1	Norm	72	S349	Aligned.sortedByCoord.out.bam	"STAR,FeatureCounts"
output.STAR.3_H2_Norm_S350_Aligned.sortedByCoord.out.bam	MCF7	output.STAR.3	H2	Norm	72	S350	Aligned.sortedByCoord.out.bam	"STAR,FeatureCounts"
output.STAR.3_H3_Norm_S351_Aligned.sortedByCoord.out.bam	MCF7	output.STAR.3	H3	Norm	72	S351	Aligned.sortedByCoord.out.bam	"STAR,FeatureCounts"
output.STAR.3_H4_Norm_S352_Aligned.sortedByCoord.out.bam	MCF7	output.STAR.3	H4	Norm	72	S352	Aligned.sortedByCoord.out.bam	"STAR,FeatureCounts"
output.STAR.3_H5_Norm_S353_Aligned.sortedByCoord.out.bam	MCF7	output.STAR.3	H5	Norm	72	S353	Aligned.sortedByCoord.out.bam	"STAR,FeatureCounts"
output.STAR.3_H6_Norm_S354_Aligned.sortedByCoord.out.bam	MCF7	output.STAR.3	H6	Norm	72	S354	Aligned.sortedByCoord.out.bam	"STAR,FeatureCounts"
output.STAR.3_H7_Hypo_S373_Aligned.sortedByCoord.out.bam	MCF7	output.STAR.3	H7	Hypo	72	S373	Aligned.sortedByCoord.out.bam	"STAR,FeatureCounts"
output.STAR.3_H8_Hypo_S374_Aligned.sortedByCoord.out.bam	MCF7	output.STAR.3	H8	Hypo	72	S374	Aligned.sortedByCoord.out.bam	"STAR,FeatureCounts"
output.STAR.3_H9_Hypo_S375_Aligned.sortedByCoord.out.bam	MCF7	output.STAR.3	H9	Hypo	72	S375	Aligned.sortedByCoord.out.bam	"STAR,FeatureCounts"
output.STAR.4_A10_Hypo_S46_Aligned.sortedByCoord.out.bam	MCF7	output.STAR.4	A10	Hypo	72	S46	Aligned.sortedByCoord.out.bam	"STAR,FeatureCounts"
output.STAR.4_A11_Hypo_S47_Aligned.sortedByCoord.out.bam	MCF7	output.STAR.4	A11	Hypo	72	S47	Aligned.sortedByCoord.out.bam	"STAR,FeatureCounts"
output.STAR.4_A12_Hypo_S48_Aligned.sortedByCoord.out.bam	MCF7	output.STAR.4	A12	Hypo	72	S48	Aligned.sortedByCoord.out.bam	"STAR,FeatureCounts"
output.STAR.4_A1_Norm_S19_Aligned.sortedByCoord.out.bam	MCF7	output.STAR.4	A1	Norm	72	S19	Aligned.sortedByCoord.out.bam	"STAR,FeatureCounts"
output.STAR.4_A2_Norm_S20_Aligned.sortedByCoord.out.bam	MCF7	output.STAR.4	A2	Norm	72	S20	Aligned.sortedByCoord.out.bam	"STAR,FeatureCounts"
output.STAR.4_A3_Norm_S21_Aligned.sortedByCoord.out.bam	MCF7	output.STAR.4	A3	Norm	72	S21	Aligned.sortedByCoord.out.bam	"STAR,FeatureCounts"
output.STAR.4_A4_Norm_S22_Aligned.sortedByCoord.out.bam	MCF7	output.STAR.4	A4	Norm	72	S22	Aligned.sortedByCoord.out.bam	"STAR,FeatureCounts"
output.STAR.4_A5_Norm_S23_Aligned.sortedByCoord.out.bam	MCF7	output.STAR.4	A5	Norm	72	S23	Aligned.sortedByCoord.out.bam	"STAR,FeatureCounts"
output.STAR.4_A6_Norm_S24_Aligned.sortedByCoord.out.bam	MCF7	output.STAR.4	A6	Norm	72	S24	Aligned.sortedByCoord.out.bam	"STAR,FeatureCounts"
output.STAR.4_A7_Hypo_S43_Aligned.sortedByCoord.out.bam	MCF7	output.STAR.4	A7	Hypo	72	S43	Aligned.sortedByCoord.out.bam	"STAR,FeatureCounts"
output.STAR.4_A8_Hypo_S44_Aligned.sortedByCoord.out.bam	MCF7	output.STAR.4	A8	Hypo	72	S44	Aligned.sortedByCoord.out.bam	"STAR,FeatureCounts"
output.STAR.4_A9_Hypo_S45_Aligned.sortedByCoord.out.bam	MCF7	output.STAR.4	A9	Hypo	72	S45	Aligned.sortedByCoord.out.bam	"STAR,FeatureCounts"
output.STAR.4_B10_Hypo_S94_Aligned.sortedByCoord.out.bam	MCF7	output.STAR.4	B10	Hypo	72	S94	Aligned.sortedByCoord.out.bam	"STAR,FeatureCounts"
output.STAR.4_B11_Hypo_S95_Aligned.sortedByCoord.out.bam	MCF7	output.STAR.4	B11	Hypo	72	S95	Aligned.sortedByCoord.out.bam	"STAR,FeatureCounts"
output.STAR.4_B12_Hypo_S96_Aligned.sortedByCoord.out.bam	MCF7	output.STAR.4	B12	Hypo	72	S96	Aligned.sortedByCoord.out.bam	"STAR,FeatureCounts"
output.STAR.4_B1_Norm_S67_Aligned.sortedByCoord.out.bam	MCF7	output.STAR.4	B1	Norm	72	S67	Aligned.sortedByCoord.out.bam	"STAR,FeatureCounts"
output.STAR.4_B2_Norm_S68_Aligned.sortedByCoord.out.bam	MCF7	output.STAR.4	B2	Norm	72	S68	Aligned.sortedByCoord.out.bam	"STAR,FeatureCounts"
output.STAR.4_B3_Norm_S69_Aligned.sortedByCoord.out.bam	MCF7	output.STAR.4	B3	Norm	72	S69	Aligned.sortedByCoord.out.bam	"STAR,FeatureCounts"
output.STAR.4_B4_Norm_S70_Aligned.sortedByCoord.out.bam	MCF7	output.STAR.4	B4	Norm	72	S70	Aligned.sortedByCoord.out.bam	"STAR,FeatureCounts"
output.STAR.4_B5_Norm_S71_Aligned.sortedByCoord.out.bam	MCF7	output.STAR.4	B5	Norm	72	S71	Aligned.sortedByCoord.out.bam	"STAR,FeatureCounts"
output.STAR.4_B6_Norm_S72_Aligned.sortedByCoord.out.bam	MCF7	output.STAR.4	B6	Norm	72	S72	Aligned.sortedByCoord.out.bam	"STAR,FeatureCounts"
output.STAR.4_B7_Hypo_S91_Aligned.sortedByCoord.out.bam	MCF7	output.STAR.4	B7	Hypo	72	S91	Aligned.sortedByCoord.out.bam	"STAR,FeatureCounts"
output.STAR.4_B8_Hypo_S92_Aligned.sortedByCoord.out.bam	MCF7	output.STAR.4	B8	Hypo	72	S92	Aligned.sortedByCoord.out.bam	"STAR,FeatureCounts"
output.STAR.4_B9_Hypo_S93_Aligned.sortedByCoord.out.bam	MCF7	output.STAR.4	B9	Hypo	72	S93	Aligned.sortedByCoord.out.bam	"STAR,FeatureCounts"
output.STAR.4_C10_Hypo_S142_Aligned.sortedByCoord.out.bam	MCF7	output.STAR.4	C10	Hypo	72	S142	Aligned.sortedByCoord.out.bam	"STAR,FeatureCounts"
output.STAR.4_C11_Hypo_S143_Aligned.sortedByCoord.out.bam	MCF7	output.STAR.4	C11	Hypo	72	S143	Aligned.sortedByCoord.out.bam	"STAR,FeatureCounts"
output.STAR.4_C12_Hypo_S144_Aligned.sortedByCoord.out.bam	MCF7	output.STAR.4	C12	Hypo	72	S144	Aligned.sortedByCoord.out.bam	"STAR,FeatureCounts"
output.STAR.4_C1_Norm_S115_Aligned.sortedByCoord.out.bam	MCF7	output.STAR.4	C1	Norm	72	S115	Aligned.sortedByCoord.out.bam	"STAR,FeatureCounts"
output.STAR.4_C2_Norm_S116_Aligned.sortedByCoord.out.bam	MCF7	output.STAR.4	C2	Norm	72	S116	Aligned.sortedByCoord.out.bam	"STAR,FeatureCounts"
output.STAR.4_C3_Norm_S117_Aligned.sortedByCoord.out.bam	MCF7	output.STAR.4	C3	Norm	72	S117	Aligned.sortedByCoord.out.bam	"STAR,FeatureCounts"
output.STAR.4_C4_Norm_S118_Aligned.sortedByCoord.out.bam	MCF7	output.STAR.4	C4	Norm	72	S118	Aligned.sortedByCoord.out.bam	"STAR,FeatureCounts"
output.STAR.4_C5_Norm_S119_Aligned.sortedByCoord.out.bam	MCF7	output.STAR.4	C5	Norm	72	S119	Aligned.sortedByCoord.out.bam	"STAR,FeatureCounts"
output.STAR.4_C6_Norm_S120_Aligned.sortedByCoord.out.bam	MCF7	output.STAR.4	C6	Norm	72	S120	Aligned.sortedByCoord.out.bam	"STAR,FeatureCounts"
output.STAR.4_C7_Hypo_S139_Aligned.sortedByCoord.out.bam	MCF7	output.STAR.4	C7	Hypo	72	S139	Aligned.sortedByCoord.out.bam	"STAR,FeatureCounts"
output.STAR.4_C8_Hypo_S140_Aligned.sortedByCoord.out.bam	MCF7	output.STAR.4	C8	Hypo	72	S140	Aligned.sortedByCoord.out.bam	"STAR,FeatureCounts"
output.STAR.4_C9_Hypo_S141_Aligned.sortedByCoord.out.bam	MCF7	output.STAR.4	C9	Hypo	72	S141	Aligned.sortedByCoord.out.bam	"STAR,FeatureCounts"
output.STAR.4_D10_Hypo_S190_Aligned.sortedByCoord.out.bam	MCF7	output.STAR.4	D10	Hypo	72	S190	Aligned.sortedByCoord.out.bam	"STAR,FeatureCounts"
output.STAR.4_D11_Hypo_S191_Aligned.sortedByCoord.out.bam	MCF7	output.STAR.4	D11	Hypo	72	S191	Aligned.sortedByCoord.out.bam	"STAR,FeatureCounts"
output.STAR.4_D12_Hypo_S192_Aligned.sortedByCoord.out.bam	MCF7	output.STAR.4	D12	Hypo	72	S192	Aligned.sortedByCoord.out.bam	"STAR,FeatureCounts"
output.STAR.4_D1_Norm_S163_Aligned.sortedByCoord.out.bam	MCF7	output.STAR.4	D1	Norm	72	S163	Aligned.sortedByCoord.out.bam	"STAR,FeatureCounts"
output.STAR.4_D2_Norm_S164_Aligned.sortedByCoord.out.bam	MCF7	output.STAR.4	D2	Norm	72	S164	Aligned.sortedByCoord.out.bam	"STAR,FeatureCounts"
output.STAR.4_D3_Norm_S165_Aligned.sortedByCoord.out.bam	MCF7	output.STAR.4	D3	Norm	72	S165	Aligned.sortedByCoord.out.bam	"STAR,FeatureCounts"
output.STAR.4_D4_Norm_S166_Aligned.sortedByCoord.out.bam	MCF7	output.STAR.4	D4	Norm	72	S166	Aligned.sortedByCoord.out.bam	"STAR,FeatureCounts"
output.STAR.4_D5_Norm_S167_Aligned.sortedByCoord.out.bam	MCF7	output.STAR.4	D5	Norm	72	S167	Aligned.sortedByCoord.out.bam	"STAR,FeatureCounts"
output.STAR.4_D6_Norm_S168_Aligned.sortedByCoord.out.bam	MCF7	output.STAR.4	D6	Norm	72	S168	Aligned.sortedByCoord.out.bam	"STAR,FeatureCounts"
output.STAR.4_D7_Hypo_S187_Aligned.sortedByCoord.out.bam	MCF7	output.STAR.4	D7	Hypo	72	S187	Aligned.sortedByCoord.out.bam	"STAR,FeatureCounts"
output.STAR.4_D8_Hypo_S188_Aligned.sortedByCoord.out.bam	MCF7	output.STAR.4	D8	Hypo	72	S188	Aligned.sortedByCoord.out.bam	"STAR,FeatureCounts"
output.STAR.4_D9_Hypo_S189_Aligned.sortedByCoord.out.bam	MCF7	output.STAR.4	D9	Hypo	72	S189	Aligned.sortedByCoord.out.bam	"STAR,FeatureCounts"
output.STAR.4_E10_Hypo_S238_Aligned.sortedByCoord.out.bam	MCF7	output.STAR.4	E10	Hypo	72	S238	Aligned.sortedByCoord.out.bam	"STAR,FeatureCounts"
output.STAR.4_E11_Hypo_S239_Aligned.sortedByCoord.out.bam	MCF7	output.STAR.4	E11	Hypo	72	S239	Aligned.sortedByCoord.out.bam	"STAR,FeatureCounts"
output.STAR.4_E12_Hypo_S240_Aligned.sortedByCoord.out.bam	MCF7	output.STAR.4	E12	Hypo	72	S240	Aligned.sortedByCoord.out.bam	"STAR,FeatureCounts"
output.STAR.4_E1_Norm_S211_Aligned.sortedByCoord.out.bam	MCF7	output.STAR.4	E1	Norm	72	S211	Aligned.sortedByCoord.out.bam	"STAR,FeatureCounts"
output.STAR.4_E2_Norm_S212_Aligned.sortedByCoord.out.bam	MCF7	output.STAR.4	E2	Norm	72	S212	Aligned.sortedByCoord.out.bam	"STAR,FeatureCounts"
output.STAR.4_E3_Norm_S213_Aligned.sortedByCoord.out.bam	MCF7	output.STAR.4	E3	Norm	72	S213	Aligned.sortedByCoord.out.bam	"STAR,FeatureCounts"
output.STAR.4_E4_Norm_S214_Aligned.sortedByCoord.out.bam	MCF7	output.STAR.4	E4	Norm	72	S214	Aligned.sortedByCoord.out.bam	"STAR,FeatureCounts"
output.STAR.4_E5_Norm_S215_Aligned.sortedByCoord.out.bam	MCF7	output.STAR.4	E5	Norm	72	S215	Aligned.sortedByCoord.out.bam	"STAR,FeatureCounts"
output.STAR.4_E6_Norm_S216_Aligned.sortedByCoord.out.bam	MCF7	output.STAR.4	E6	Norm	72	S216	Aligned.sortedByCoord.out.bam	"STAR,FeatureCounts"
output.STAR.4_E7_Hypo_S235_Aligned.sortedByCoord.out.bam	MCF7	output.STAR.4	E7	Hypo	72	S235	Aligned.sortedByCoord.out.bam	"STAR,FeatureCounts"
output.STAR.4_E8_Hypo_S236_Aligned.sortedByCoord.out.bam	MCF7	output.STAR.4	E8	Hypo	72	S236	Aligned.sortedByCoord.out.bam	"STAR,FeatureCounts"
output.STAR.4_E9_Hypo_S237_Aligned.sortedByCoord.out.bam	MCF7	output.STAR.4	E9	Hypo	72	S237	Aligned.sortedByCoord.out.bam	"STAR,FeatureCounts"
output.STAR.4_F10_Hypo_S286_Aligned.sortedByCoord.out.bam	MCF7	output.STAR.4	F10	Hypo	72	S286	Aligned.sortedByCoord.out.bam	"STAR,FeatureCounts"
output.STAR.4_F11_Hypo_S287_Aligned.sortedByCoord.out.bam	MCF7	output.STAR.4	F11	Hypo	72	S287	Aligned.sortedByCoord.out.bam	"STAR,FeatureCounts"
output.STAR.4_F12_Hypo_S288_Aligned.sortedByCoord.out.bam	MCF7	output.STAR.4	F12	Hypo	72	S288	Aligned.sortedByCoord.out.bam	"STAR,FeatureCounts"
output.STAR.4_F1_Norm_S259_Aligned.sortedByCoord.out.bam	MCF7	output.STAR.4	F1	Norm	72	S259	Aligned.sortedByCoord.out.bam	"STAR,FeatureCounts"
output.STAR.4_F2_Norm_S260_Aligned.sortedByCoord.out.bam	MCF7	output.STAR.4	F2	Norm	72	S260	Aligned.sortedByCoord.out.bam	"STAR,FeatureCounts"
output.STAR.4_F3_Norm_S261_Aligned.sortedByCoord.out.bam	MCF7	output.STAR.4	F3	Norm	72	S261	Aligned.sortedByCoord.out.bam	"STAR,FeatureCounts"
output.STAR.4_F4_Norm_S262_Aligned.sortedByCoord.out.bam	MCF7	output.STAR.4	F4	Norm	72	S262	Aligned.sortedByCoord.out.bam	"STAR,FeatureCounts"
output.STAR.4_F5_Norm_S263_Aligned.sortedByCoord.out.bam	MCF7	output.STAR.4	F5	Norm	72	S263	Aligned.sortedByCoord.out.bam	"STAR,FeatureCounts"
output.STAR.4_F6_Norm_S264_Aligned.sortedByCoord.out.bam	MCF7	output.STAR.4	F6	Norm	72	S264	Aligned.sortedByCoord.out.bam	"STAR,FeatureCounts"
output.STAR.4_F7_Hypo_S283_Aligned.sortedByCoord.out.bam	MCF7	output.STAR.4	F7	Hypo	72	S283	Aligned.sortedByCoord.out.bam	"STAR,FeatureCounts"
output.STAR.4_F8_Hypo_S284_Aligned.sortedByCoord.out.bam	MCF7	output.STAR.4	F8	Hypo	72	S284	Aligned.sortedByCoord.out.bam	"STAR,FeatureCounts"
output.STAR.4_F9_Hypo_S285_Aligned.sortedByCoord.out.bam	MCF7	output.STAR.4	F9	Hypo	72	S285	Aligned.sortedByCoord.out.bam	"STAR,FeatureCounts"
output.STAR.4_G10_Hypo_S334_Aligned.sortedByCoord.out.bam	MCF7	output.STAR.4	G10	Hypo	72	S334	Aligned.sortedByCoord.out.bam	"STAR,FeatureCounts"
output.STAR.4_G11_Hypo_S335_Aligned.sortedByCoord.out.bam	MCF7	output.STAR.4	G11	Hypo	72	S335	Aligned.sortedByCoord.out.bam	"STAR,FeatureCounts"
output.STAR.4_G12_Hypo_S336_Aligned.sortedByCoord.out.bam	MCF7	output.STAR.4	G12	Hypo	72	S336	Aligned.sortedByCoord.out.bam	"STAR,FeatureCounts"
output.STAR.4_G1_Norm_S307_Aligned.sortedByCoord.out.bam	MCF7	output.STAR.4	G1	Norm	72	S307	Aligned.sortedByCoord.out.bam	"STAR,FeatureCounts"
output.STAR.4_G2_Norm_S308_Aligned.sortedByCoord.out.bam	MCF7	output.STAR.4	G2	Norm	72	S308	Aligned.sortedByCoord.out.bam	"STAR,FeatureCounts"
output.STAR.4_G3_Norm_S309_Aligned.sortedByCoord.out.bam	MCF7	output.STAR.4	G3	Norm	72	S309	Aligned.sortedByCoord.out.bam	"STAR,FeatureCounts"
output.STAR.4_G4_Norm_S310_Aligned.sortedByCoord.out.bam	MCF7	output.STAR.4	G4	Norm	72	S310	Aligned.sortedByCoord.out.bam	"STAR,FeatureCounts"
output.STAR.4_G5_Norm_S311_Aligned.sortedByCoord.out.bam	MCF7	output.STAR.4	G5	Norm	72	S311	Aligned.sortedByCoord.out.bam	"STAR,FeatureCounts"
output.STAR.4_G6_Norm_S312_Aligned.sortedByCoord.out.bam	MCF7	output.STAR.4	G6	Norm	72	S312	Aligned.sortedByCoord.out.bam	"STAR,FeatureCounts"
output.STAR.4_G7_Hypo_S331_Aligned.sortedByCoord.out.bam	MCF7	output.STAR.4	G7	Hypo	72	S331	Aligned.sortedByCoord.out.bam	"STAR,FeatureCounts"
output.STAR.4_G8_Hypo_S332_Aligned.sortedByCoord.out.bam	MCF7	output.STAR.4	G8	Hypo	72	S332	Aligned.sortedByCoord.out.bam	"STAR,FeatureCounts"
output.STAR.4_G9_Hypo_S333_Aligned.sortedByCoord.out.bam	MCF7	output.STAR.4	G9	Hypo	72	S333	Aligned.sortedByCoord.out.bam	"STAR,FeatureCounts"
output.STAR.4_H10_Hypo_S382_Aligned.sortedByCoord.out.bam	MCF7	output.STAR.4	H10	Hypo	72	S382	Aligned.sortedByCoord.out.bam	"STAR,FeatureCounts"
output.STAR.4_H14_Hypo_S383_Aligned.sortedByCoord.out.bam	MCF7	output.STAR.4	H14	Hypo	72	S383	Aligned.sortedByCoord.out.bam	"STAR,FeatureCounts"
output.STAR.4_H1_Norm_S355_Aligned.sortedByCoord.out.bam	MCF7	output.STAR.4	H1	Norm	72	S355	Aligned.sortedByCoord.out.bam	"STAR,FeatureCounts"
output.STAR.4_H2_Norm_S356_Aligned.sortedByCoord.out.bam	MCF7	output.STAR.4	H2	Norm	72	S356	Aligned.sortedByCoord.out.bam	"STAR,FeatureCounts"
output.STAR.4_H3_Norm_S357_Aligned.sortedByCoord.out.bam	MCF7	output.STAR.4	H3	Norm	72	S357	Aligned.sortedByCoord.out.bam	"STAR,FeatureCounts"
output.STAR.4_H4_Norm_S358_Aligned.sortedByCoord.out.bam	MCF7	output.STAR.4	H4	Norm	72	S358	Aligned.sortedByCoord.out.bam	"STAR,FeatureCounts"
output.STAR.4_H5_Norm_S359_Aligned.sortedByCoord.out.bam	MCF7	output.STAR.4	H5	Norm	72	S359	Aligned.sortedByCoord.out.bam	"STAR,FeatureCounts"
output.STAR.4_H6_Norm_S360_Aligned.sortedByCoord.out.bam	MCF7	output.STAR.4	H6	Norm	72	S360	Aligned.sortedByCoord.out.bam	"STAR,FeatureCounts"
output.STAR.4_H7_Hypo_S379_Aligned.sortedByCoord.out.bam	MCF7	output.STAR.4	H7	Hypo	72	S379	Aligned.sortedByCoord.out.bam	"STAR,FeatureCounts"
output.STAR.4_H8_Hypo_S380_Aligned.sortedByCoord.out.bam	MCF7	output.STAR.4	H8	Hypo	72	S380	Aligned.sortedByCoord.out.bam	"STAR,FeatureCounts"
output.STAR.4_H9_Hypo_S381_Aligned.sortedByCoord.out.bam	MCF7	output.STAR.4	H9	Hypo	72	S381	Aligned.sortedByCoord.out.bam	"STAR,FeatureCounts"
